{
    "model_type": "logistic_regression",
    "overall_accuracy": 0.61,
    "selection_rates": {
        "0": 0.2857142857142857,
        "1": 0.7986111111111112
    },
    "accuracies": {
        "0": 0.44642857142857145,
        "1": 0.6736111111111112
    },
    "selection_rate_gap": 0.5128968253968255,
    "demographic_parity_difference": 0.5128968253968255,
    "statistical_parity_ratio": 0.35776397515527947,
    "bias_flag": true,
    "fairness_slices": {
        "age": {
            "(19.999, 27.0]": {
                "count": 60,
                "accuracy": 0.65,
                "selection_rate": 0.4666666666666667
            },
            "(33.0, 41.25]": {
                "count": 44,
                "accuracy": 0.6363636363636364,
                "selection_rate": 0.7045454545454546
            },
            "(27.0, 33.0]": {
                "count": 46,
                "accuracy": 0.5652173913043478,
                "selection_rate": 0.6521739130434783
            },
            "(41.25, 68.0]": {
                "count": 50,
                "accuracy": 0.58,
                "selection_rate": 0.84
            }
        },
        "job": {
            "(-0.001, 1.0]": {
                "count": 175,
                "accuracy": 0.6114285714285714,
                "selection_rate": 0.64
            },
            "(1.0, 3.0]": {
                "count": 25,
                "accuracy": 0.6,
                "selection_rate": 0.76
            }
        },
        "gender": {
            "(-0.001, 1.0]": {
                "count": 200,
                "accuracy": 0.61,
                "selection_rate": 0.655
            }
        },
        "credit_amount": {
            "(2223.0, 3528.25]": {
                "count": 50,
                "accuracy": 0.66,
                "selection_rate": 0.74
            },
            "(3528.25, 14896.0]": {
                "count": 50,
                "accuracy": 0.44,
                "selection_rate": 0.32
            },
            "(1292.0, 2223.0]": {
                "count": 50,
                "accuracy": 0.68,
                "selection_rate": 0.72
            },
            "(275.999, 1292.0]": {
                "count": 50,
                "accuracy": 0.66,
                "selection_rate": 0.84
            }
        },
        "duration": {
            "(12.0, 18.0]": {
                "count": 32,
                "accuracy": 0.5,
                "selection_rate": 0.6875
            },
            "(18.0, 24.0]": {
                "count": 44,
                "accuracy": 0.5227272727272727,
                "selection_rate": 0.7272727272727273
            },
            "(3.999, 12.0]": {
                "count": 85,
                "accuracy": 0.7764705882352941,
                "selection_rate": 0.8470588235294118
            },
            "(24.0, 72.0]": {
                "count": 39,
                "accuracy": 0.4358974358974359,
                "selection_rate": 0.1282051282051282
            }
        }
    },
    "sensitive_features": [
        "gender",
        "job"
    ],
    "primary_fairness_axis": "gender",
    "columns": [
        "age",
        "gender",
        "job",
        "credit_amount",
        "duration"
    ],
    "column_mapping": {
        "age": "age",
        "job": "job",
        "credit amount": "credit_amount",
        "duration": "duration",
        "sex": "gender",
        "risk": "risk"
    },
    "value_mapping": {
        "gender": {
            "male": 1,
            "female": 0
        }
    },
    "logistic_equation": "logit(p) = (0.2187 * age) + (0.4334 * gender) + (0.1676 * job) + (-0.2302 * credit_amount) + (-0.3957 * duration) + (intercept=-0.0087)",
    "logistic_coefficients": [
        {
            "Feature": "age",
            "Coefficient": 0.21868929119680322,
            "Influence": 1
        },
        {
            "Feature": "gender",
            "Coefficient": 0.4334268336794159,
            "Influence": 1
        },
        {
            "Feature": "job",
            "Coefficient": 0.16762312466208154,
            "Influence": 1
        },
        {
            "Feature": "credit_amount",
            "Coefficient": -0.23024391258019908,
            "Influence": -1
        },
        {
            "Feature": "duration",
            "Coefficient": -0.3956566646622908,
            "Influence": -1
        }
    ],
    "decision_tree_rules": null,
    "feature_order": [
        "age",
        "gender",
        "job",
        "credit_amount",
        "duration"
    ]
}